test_predictions,test_truth,test_scores
1,1,0.9939045850334184
0,0,0.4075140344471493
