rank,model_name,cv_runtime_seconds,cv_accuracy,cv_precision,cv_recall,cv_f1,cv_roc_auc,cv_std_accuracy,cv_std_precision,cv_std_recall,cv_std_f1,cv_std_roc_auc,test_accuracy,test_precision,test_recall,test_f1,test_roc_auc
1,logistic_regression,0.0121,0.6666666666666666,0.8333333333333333,0.75,0.7333333333333334,1.0,0.0,0.16666666666666669,0.25,0.06666666666666671,0.0,1.0,1.0,1.0,1.0,1.0
2,random_forest,0.3395,0.6666666666666666,0.6666666666666666,1.0,0.8,1.0,0.0,0.0,0.0,0.0,0.0,0.5,0.5,1.0,0.6666666666666666,1.0
3,xgboost,0.2116,0.6666666666666666,0.6666666666666666,1.0,0.8,0.5,0.0,0.0,0.0,0.0,0.0,0.5,0.5,1.0,0.6666666666666666,0.5
